split,precision,recall,f1,accuracy
validation,0.7102473498233216,0.5437330928764653,0.6159346271705822,0.7906679450303611
test,0.7119628339140535,0.5527502254283138,0.6223350253807106,0.7830026558350258
